Id;Caption
2;"de mourir avant l'heure
 de ne plus revoir mes petits enfants"
3;"la maladie pour les autres et pour moi
 et les conséquences sur la jeune génération qui vit une situation tout à fait insolite : l'arrêt de toute vie sociale et active"
4;Comment vont s'en sortir ceux qui sont mal ou pas du tout logées ?
6;Inquiétude pour la santé de mes proches, pour les plus fragiles (femmes battues, enfants en danger, prisonniers, sdf), pour la crise économique  avérée et une possible crise sociale par la suite.
7;Bien entendu contracter la maladie,
8;La multiplication des pandémies pour l'avenir
9;"de nombreuses reprises de la pandémie au cours des prochaines années
 une fermeture des pays et une crise économique qui touche une énorme partie de la population mondiale"
10;Effondrement de l economir
11;Je crains une modification de la nature des relations entre les personnes (vers plus d'égoïsmes).
12;L'incivilité
13;"la reprise en plusieurs étapes de la pandémie
 la crise économique et sociale, en particulier chez les plus d&munis"
14;La reanimation
15;"que ma famille soit touchée par ce microbe
 Mais moi je veux bien mourir à la place des jeunes"
16;La sortie prudente, sans trop de dégâts
17;"l'aspect gravissime de la maladie chez certains patients et notamment chez les personnes âgées.La perspective d'une mort très pénible par étouffement 
 
 L'absence d'un vaccin pour encore de nombreux mois 
 
 Des conditions de vie très entravées par le phénomène de contamination
 ce qui entraine un isolement supportable un moment ,mais qui finirait par avoir de graves répercussions psychologiques ,dans toutes les catégories sociales.Plus graves certainement pour le grand âge."
18;Contagion, crise sociétale,crise economique
19;"Que cette crise ne nous fasse pas suffisamment prendre conscience des excès  de notre société 
 
 Crise économique grave avec toutes ses conséquence sociales"
20;"Sans doute le comportement d'une partie (une partie seulement.... mais assez importante à mes yeux!...)
 de nos 'compatriotes':
  la critique systématique, l'individualisme, l'orgueil, l'Ego...
 m'inquiètent ils plus que la maladie elle même....
 Bien entendu, sur la balance, il y a toutes les belles attitudes...
 Mais..."
21;Une pandémie longue, difficilement maîtrisable et pour laquelle les mesures proposées par les scientifiques dans le monde sont trop différentes ce qui laisse planer un doute sur leur efficacitées .
23;Cela peut être un danger grave pour les plus fragiles tant que les moyens ne seront pas mis en oeuvre pour l'éradiquer (test, masques)
24;Le non respect des mesures réclamées
25;"L'inconscience de beaucoup de citoyens 
 la difficulté de protéger la population dans les lieux publics : ECOLES/ supermarchés/et tous les lieux de loisirs restaurants cinémas musées"
27;"adaptation à cette vie en portant des masques et en étant partiellement privée de la liberté de se promener le nez en l 'air, ne pas revoir de visu les gens aimés plus âgés ou non , 
 une violence et délinquance grandissante"
33;Peur que des parents ou amis soient malades
34;le manque de connaisance de l'évolution de ce nouveau virus- le manque de traitement apaisant la crise le manque d'équipements de protection et d'assistance
35;"la peur d'avoir ce microbe qu'on sait dangereux pour nous les plus âges, tous porteurs, plus ou moins d'autres pathologies
 l'impression d'être comme des pestiférés, de n'avoir pas la possibilités de voir les plus petits
 chaque personne rencontrée est suspecte d'être dangereuse
 pas d'issue visible à cette crise"
36;difficultes sanitaires,sociales politiques
37;Comme à ce jour il n'est connu aucun vaccin (peut-être dans un an ou deux nous dit-on ?), que les tests pour tous n'ont pas encore commencé et le seront pas au déconfinement le 11/05/2020, que les masques conformes pour le public ne sont pas encore disponibles, on navigue dans le brouillard d'autant plus de la mauvaise gestion du gouvernement Français depuis le début de cette épidémie. Comme le gouvernement nous a beaucoup menti depuis le début, il y a de quoi être sceptique pour la gestion dans les prochaines semaines, mois à venir.
38;Je me suis volontairement confiné avec ma mère - 98 ans, j'en ai 71 - afin de mettre 'hors circuit' la concierge, la femme de ménage, etc. qui jusqu'ici lui portaient assistance et minimiser les risques de contamination. Me considérant comme 'en forme', je ne crains pas grand chose pour ma personne, ni pour celle de mon épouse, a fortiori de mon fils et de sa compagne... mais l'âge de ma vieille maman la rend fragile comme du verre.
39;"-Notre santé
 -té personnelle
 -nos rapports familiaux
 -nos rapports sociaux
 -l'économie de notre pays
 -les tensions sociales
 -une crise financière"
40;attraper la chose et que ça soit grave
41;Que ce soit l'occasion de prendre des mesures d'urgence liberticides à seul fin de permettre aux grosses firmes de s'en mettre encore plus plein les poches sans traiter les vrais problèmes à la base
42;"La pandémie du corona virus, mal connue, dangeureuse et plutot imprévisible .
 Sans compter la crise économique grave qui va en découler. Dans Certains pays le confinement est impossible à mettre en &oelig,uvre , la recherche de nourriture se fait au quotidien et il y a peu d'alternative entre la faim ou le covid."
43;"Peur que des proches tombent malades 
 Comment va se passer cette nouvelle phase , rentrée en classe ,reprise du travail
 La gravité des retombées économiques"
44;D'attraper ce virus et d'enmoirrir
45;"La' désociabilité '  par le manque de contacts vivants  : les conversations-téléphone ne sollicitent pas les  mêmes sens et sont ' incomplètes'  :  le regard, l'ouÏe lui-^m 
 et le toucher, comme l'odorat d'ailleurs sont absents.
 Personnellement je me suis  'interdite' de t v  pour ne pas emmagasiner tant et tant d'images négatives !  il faut garder quelques spécimens des origine de la Femme...  ça n'ajoute rien et ne solutionne rien  toutes ces peurs surmultipliées - je me préserve avec masque et gants quand je sors faire les courses et prends l'air sur mon balcon. Grand merci au ciel et au soleil depuis le 17 mars ! J'aère beaucoup mon appart au 12e j'ai une immense vue et ne me sens pas réellement enfermée, consciente de ce privilège, jee ne peux me plaindre à cet égard"
46;C'est un virus mortel auquel on tente d'échaper
47;"Santé pour mes enfants, petits-enfants et moi-même. 
 Avenir économique"
48;"je suis inquiète pour mon entourage (conjoint en traitement pour un cancer et opéré il y a qq années d'un grave pb cardiaque)
 me savoir responsable de sa contamination me fait très peur"
50;La peur de mourir
51;Être privés de la venue de nos enfants et petits-enfants
52;"Abandonner mon épouse et ma famille et réciproquement .
 Que l'économie soit mise sur le flanc et que cela décuple les malheureux déjà bien nombreux .
 Que cela multiplie les violences et qu'on ne voie pas la fin de cette épidémie et qu'on se retrouve avec un bilan français et mondial comparable à celui des diverses pandémies des siècles passés !"
53;inquietude pour ma famille et pour tous ceux qui sont atteints et quji luttent dans l'incertitudede leur avenir.
54;comorbidité
56;En cas de contagion avec le virus, je redoute d'être transférée  à l'hopital dont les services sont surchargés. Vivant seule (je suis veuve sans enfant), je me sentirai encore plus isolée que chez moi dans mon appartement où je garde des contacts par téléphone avec mon entourage.
57;Un relâchement général
58;L'après confinement ! Que nous réserve-t-il ? Combien de temps devront nous sortir masqué ? Pour les personnes en bonne condition physique et sans pathologie particulière, la tentation de poser le masque dès juin par exemple, ne fera-t-elle pas courir un grand risque ? Et pour les + âgés ou à risques élevés ? Aurons nous accès à un test de dépistage pour savoir si nous avons été contaminé et si oui si nous sommes protégés ? Si non, existera-t-il un vaccin ? Si oui, y aurons nous accès ? A combien de temps (de mois) peut-on estimer la durée du risque de contamination ? etc.
59;Inquiétude pour les plus démunis.  Crainte de violences à  l'intérieur des familles, et avec les forces de l'ordre . Crainte de ravages dans les pays en état de pauvreté.
60;"Qu'on nous maintienne confinés encore longtemps sous des prétextes plus ou moins fallacieux.
 Que nos retraites soient sabrées d'une partie........................'.............................'.............................
 Que les droits sociaux soient piétinés..........................................................'........................................
 Et surtout que tout recommence comme avant... en pire"
61;Que cela dure encore longtemps et desequilibre notre vie quotidienne, surtout si on est seul
62;Des personnes qui  ne respectent pas  la confinement principalement étant diabétique et hypertension
63;"La durée de l.'épisode '
 Les conséquences économiques et donc sociales"
64;"que l'on teste la capacité de la population à résister au pouvoir de l'état devant
 des décisions incohérentes et en profiter pour des atteintes à nos libertés.
 Benjamin Franklin 'un peuple prêt à sacrifier un peu de liberté pour 
  un peu de sécurité ne mérite ni l'un ni l'autre, et fini par perdre les deux"
65;ne pas pouvoir vivre normalement et s'empêcher ainsi de s'immuniser en évitant ce virus,
66;La possibilité de se déplacer librement
67;Peur pour ma famille, peur pour moi, peur de la crise économique....
68;J ai peur de l attraper et d avoir des séquelles intellectuelles
69;Deuxième vague après dé confinement
71;la grande misère pour toute une frange de la population
72;de l'attraper dans les transports en commun
73;La vie 'd'après'. Le monde profitera-t-il de cette secousse pour changer (écologie, économie etc.)
74;"Pour mà mère en ephad 
 Pour mes petits enfants et les plus faibles"
75;la précarité accentuée  des personnes déjà marginalisées par un handicap, un malheur, etc
77;Sortir hors de chez moi
78;Tout à fait  consciente des possibles conséquences, mais pas peur.
79;"la difficulté  de faire admettre à des irresponsables le risque qu'ils font courir aux autres de ne pas respecter les consignes de sécurité et donc d'une seconde vague d'attaque du virus 
 avec pour conséquences le fait de ne pouvoir serrer dans nos bras nos enfants et petits enfants avant longtemps ......."
80;La peur d'attraper le virus compte tenu de mon âge, la peur qu'un de mes proches l'attrape.
81;ètre atteint par le virus  puis la situation économique  et la capacité des français à s'adapter  à la nouvelle donne
82;Nous allons vers une crise économique d'une ampleur inédite (fermetures d'entreprises, chômage, baisse du niveau de vie pour beaucoup...)
83;Être contaminée
84;"Redémarrage possible des contaminations après le 11 mai si les consignes -barrages étaient moins respectées.
 Délai très long pour l'élaboration d'un vaccin."
85;"Etre porteur sans le savoir et contaminer autour de moi 
 si j'ai des symptômes, les gérer seule chez moi.
 L'année scolaire ou étudiante des petits enfants lycéens ou étudiants avec des examens importants, reportés, c'est difficile pour eux.
 Des 'quinqua' proches ,intermittents ou indépendants dt l'avenir est vide de contrats. 
 Les amies vivants seules qui se calfeutrent chez elles."
86;"Un grand nombre de victimes, pas seulement chez les vieux.
 Une forte dégradation des conditions de vie (chômage, diminution forte des revenus...) chez les personne déjà en difficulté dans la vie 'normale'."
87;"le martèlement permanent angoisse et les interdictions dûs au confinement n'arrange pas les choses. D'autant que nous ne comprenons pas l'interdiction qui est faite de profiter de l'immense plage de la Baule encore plus immense en marée basse..par groupe de 2 adultes éventuellement avec deux enfants ....et le déconfinement ????  
 les rendez vous chez nos spécialistes, et opérations repoussées ....."
89;Elles concernent l'avenir : déconfinement, risque de 2ème vague, prolongation des mesures de protection associées aux difficultés qu'ont certaines personnes à les respecter.
91;Que la crise soit longue
92;"Possibilité d'une 2ème vague de contamination .
 Confinement prolongé"
93;Pas d'inquiétude réelle, j'ai confiance en notre gouvernement
94;Le risque d'attraper le virus n'importe où (l'ennemi invisible)
95;"Elles sont pour les autres , pas pour moi 
 Je n'ai pas de mari pour me battre , pas 5 enfants ds une pièce de 9m2"
96;"1-La remise en cause des connaissances en virologie et donc une absence actuelle de possibilité de définir une stratégie de prise charge
 2- La réaction de certains politiques face à l'allongement de l'espérance  de vie."
97;"Si j'ai le covid je crains l'insuffisance respiratoire
 Contaminer mon conjoint dont l'immunité est très faible"
98;L'incertitude sur l'immunité acquise, sur la durée de l'immunité, sur la possibilité d'être infectés plusieurs fois, sur le manque d'immunité de la population qui devrait théoriquement atteindre entre 60 et 70%  pour que cesse l'épidémie, l'éventualité face à ces incertitudes de n'avoir à terme aucun vaccin efficace, les conséquence de la crise et les enchaînements que cela va entraîner médicalement, socialement, financièrement, globalement au niveau mondial, la crainte que les Etats ne retiennent aucune leçon et continuent comme avant, les risques de replis sur soi égoïste et générateurs de conflits et de guerre, l'exacerbation des turpitudes humaines (délation, jalousie, racisme, discrimination, violence etc.)
99;"Qu une 2e vague se manifeste avant l'automne...
 L'absence ou le manque d'informations
 Aucun test de depistage"
100;"La contagion lors d'un déconfinement mal géré : 
 -pas de masques pour tous, donc protection insuffisante ,
 - pas de tests pour tous et donc circulation de personnes contaminées , 
 - tests nasaux pas fiables, puisque le virus peut avoir abandonné les fosses nasales pour migrer dans les poumons et vous êtes déclaré sain à tort ,
 - un tsunami économique en perspective."
101;contagion  par promixité
102;risque d'une recrudescence suite à des actes irresponsables de personnes qui n'ont pas pris conscience de la pandémie
103;savoir combien de temps va s'écouler avant que le virus ne soit en circulation, c'est à dire avant que suffisamment de personnes soient immunisées. Tout ceci sans trop de 'pertes' parmi la population.
104;,,,,
105;"Non maîtrise de la pandémie 
 Traitement curatif difficile à trouver comme ce fut le cas pour le VIH 
 Immunité incertaine comme les rhumes à coronaro 
 Effondrement social et risque de totalitarisme 
 par la manipulation du peuple"
106;"Voir trop d' activités encore bloquées après le 11 mai. 
 Crainte que la priorité soit donnée aux risques dus au Coronavirus au détriment de toutes les autres activités, aussi utiles à la vie que la santé, mais dans d'autres domaines"
110;La durée vraisemblablement longue de la résolution de la crise
111;aide éventuelle à domicile
112;Le deconfinement et la manière dont chacun respectera les consignes
114;"Sortie du confinement 
 Durée pandémie"
116;Attraper le virus sans avoir développer d'anticorps
117;inquiétudes pour notre (au sens collectif) vie sociale dans les mois prochains compte tenu de la présence du virus et d'une possible recrudescence, inquiétude sur les innombrables conséquences économiques de la pandémie, incertitudes concernant les modalités de la reprise au plan écologique
119;"Des préoccupations: Ne pas avoir le temps de prendre les dispositions financières qui s'imposeraient pour ma Succession.
 La prolongation du confinement sans discussion ou aménagement possible.
 Pouvoir retourner à Paris, par ex. pour établir la déclaration d'impôt avec de l'aide."
120;La mentalité actuelle 'tout est possible sans effort' n'a pas donné le sens de l'essentiel et le respect de l'autre, de la nature.
121;Attraper le covid
122;"- le confinement des personnes âgées
 - les populations invisibles (vieux migrants en foyers et nouveaux migrants, détenus, SDF, bénéficiaires des CHRS ...)
 
 Personnellement :
 - cessation des visites aux personnes âgées isolées que j'accompagne
 - distanciation géographique avec petits-enfants, aide impossible pour seconder nos enfants maintenant et à terme (contamination potentielle de notre statut de grands parents)"
124;Ne pas pouvoir comme chaque année rejoindre ma résidence secondaire pour m'.y confiner plus agréablement
125;Finir ma vie seul dans un box à 85 ans
126;La mentalité actuelle 'tout est possible tout de suite' est un leurre. Il devient vital de retrouver du bon sens et du respect pour l'environnement.
127;Du fait de mes problèmes cardiaques et bien que ceux-ci soient bien pris en charge, je suis une personne à risques et une intubation, sous coma artificiel me serait sans doute fatal,
128;Je m'inquiète plus pour les autres que pour moi: les personnes seules, les familles mal logées, les travailleurs en risque permanent...
129;tfutu
132;A 93 ans , j'ai perdu mon épouse il y  a trois ans, après 65 ans de vie commune et je ne savais comment la rejoindre. j'attends donc sans inquiétude la suite des événements
133;"une de mes filles (50ans) et un petit fils (20) sont tombés malades et je me suis beaucoup inquiétée .
 mon angoisse est tombée à J+10 de leur maladie !
 Je m'inquiète plus pour les miens que pour moi-même , sur leur avenir en particulier"
134;Combien de temps avant de reprendre une vie 'normale' comme 'avant'. Est-ce que ce sera possible ?
135;surtout pour les autres: personnes seules, familles mal logées, migrants...
136;"la contagion bien sur,car à 96 ans je suis 'à risque',mais pas trop car je suis encore en bonne forme et aussi inquiétude à propos de mes proches
 mais souci ,plus qu'inquiétude, sur le devenir de mon jardin où je ne peux plus aller"
137;que ce soit interminable
138;"Aucune. J'ai le sentiment de savoir ce qui va se passer maintenant.
 Je me prépare à la catastrophe."
140;La découverte d'un vaccin spécifique avant l'hiver prochain
141;être contaminée
142;Je suis inquiète d'abord pour mes proches et je crains que cela ne suscite pas plus de réflexions sur la société
144;Ne plus pouvoir être soigné à l'hôpital dans les cas graves
145;Pas vraiment d'inquiétude, c'est une maladie comme une autre, probablement moins mortelle que le cancer ou les maladies cardio-vasculaires.
146;Une reprise de l'épidémie après le déconfinement
148;"la contamination 
 la gravité pour les vieux et les fragiles
 l'absence de traitement"
149;le développement de la maladie due au covid-19
150;La vie économiques pour principalement les Jeunes la ponction fiscale  pour les retraités . Les vieux demandent la possibilité de faire des donations défiscalisèes pour leurs enfants et petits enfants
151;L'inquiétude vient du fait que l'on ne maîtrise pas cette épidémie puisque l'on ne dispose d'aucun traitement validé à l'instant T ni de vaccin
152;devoir être hospitalisé dans un contexte hospitalier surchargé.
153;perdre des membres de la famille à cause du Covid 19
154;Je ne vois pas comment les personnes à risque pourront être protégées durant plusieurs mois voire années alors que la vie va reprendre à peu près normalement
155;angoisse sur la non maîtrise de la situation pour nos gouvernants et nos politiques. N'habitons pas le même département que nos enfants.
156;Les incertitudes demeurent. Personne ne connaît l'évolution. Même si les ouvertures de déconfinement se font, les solutions seront bonnes, moins bonnes ou regrettables. La maîtrise n'existe pas. Ces mois de confinement mettent en lumière l'audace qui est nécessaire pour avancer tout en ne sachant pas tout.
158;"Il y a selon moi deux catégories d'inquiétude :
 1 - La mort. Avec ou sans covid, elle est l'angoisse éternelle des hommes à plus forte raison des vieux et c'est le point que j'aurai du mettre en 2ème position.
 2 - Les conditions de vie des survivants : Le 'jour d'après' je crains que l'idéologie consumériste de nos sociétés n'aura pas disparu, mais au contraire enrichie des frustrations accumulées elle risque d'entraîner un désir d'orgie de rattrapage d'une situation déjà très critique sur le plan de l'environnement par exemple."
159;Être gravement malade, ou mon mari ou mes enfants
160;Je suis consciente du danger de ce virus très contagieux mais je gère en faisant attention. Je sors peu, et quand je sors, je suis masquée, gantée, je laisse mes courses sur le balcon pendant plusieurs heures
161;L'absence de références, l'absence de connaissances, l'inquiétude sociale, l'interrogation personnelle liée à la perte des habitudes.
162;attraper le virus
163;"Être malade et devoir être hospitalisée 
 Ne pas être soignée car agee"
164;Elles portent sur les retombées économiques  qui touchent de nombreuses personnes :artistes  en tout genres,artisans,commerçants,professions indépendantes,libérales,entreprises diverses,producteurs agricolesont, etc... dans notre pays.Et tous ceux que la pauvreté et la faim affligent dans le monde.
165;La non-connaissance du virus et de la façon de le combattre
166;L'aspect indéterminé des choses
167;"Mes enfants dans ce confinement 
 Mes petits enfants comment le vivent-ils aussi"
171;Le retour du virus après le confinement
172;Qu'une personne proche soit gravement atteinte
173;"Etre contaminée et risquer de contaminer les autres.
 Que la distance physique avec les enfants et petits enfants - si elle doit durer longtemps- finisse par créer une distance sur tous les plans.
 Sur quelles bases la société va-t-elle se remettre en marche ? Risque d'une aggravation des inégalités. Risque d'une précarisation accélérée pour beaucoup de monde. Inquiétude pour la vie professionnelle des enfants et petits enfants..."
174;longueur de la pandémie
175;La paralysie de toute activité qu'entraîne le confinement. La durée indéterminée, l'ignorance du comportement de ce virus, les mobilisations exclusives qu'il entraîne ne sont qu'un versant de mes inquiétudes.L'autre versant est celui de la résistance des personnes et de ce qui restera aux enfants après.
176;Le manque de liberté et la peur de la maladie, de la mort
177;la fin du confinement ne va t il pas réactiver la pandémie aurons nous le matériel nécessaire pour nous protèger car meme a 74 ans nous avons hate de retrouver une vie sociale et une certaine liberté en respectant  les mesures de sécurité
178;être porteur sans le savoir et contaminer les autres
179;être contaminé, confinement long, colère envers les personnes ne repectant pas les mesures de distanciation
180;compliquer la vie de mes enfants si je l'attrape.....
182;Lr confinement ne résout rien mais permet à l'hôpital de ne pas recevoir un trop gros choc frontal. Mais il faudra atteindre 50% de contaminés pour que l'épidémie s'arrête, faute de médicaments  et de vaccins adaptés. C'est antinomique du confinement. Mon inquiétude est cette contradiction insoluble...
183;Compliquer la vie de mes enfants au cas où je serais contaminée
184;Celle que le monde d'après ressemble au monde d'avant
186;"Que les personnes fragiles, sans ressources, malades ou handicapés soient mises en difficultés.
 que ma fille médecin s'épuise à l'hôpital! Que rien ne change après, que l'argent et la puissance industrielle polluante soit encore tout puissants, que mes petits enfants vivent dans un monde qui ne veut pas penser sainement, que la planète continue à se dégrader......"
188;Vivre avec le Coronavirus bien au delà du confinement,caché et présent,toujours prêt à se répandre.  Nette insuffisance de protection !(masques,gants,solutions hydroalcooliques, etc...)
189;"l'hospitalisation
 la séparation d'avec mes proches
 la mort"
190;"pour les âgés, la très longue période d'effritement de vie sociale qui risque de nous enfermer dans un engourdissement vital, de nous plonger petit à petit dans un renoncement de 'grande vieillesse' .
 sur un plan plus citoyen, les contradictions majeures qui frappent nos sociétés entre les exigences sanitaires et celles de la grave crise économique et sociale qui risque d'éclater."
192;La contamination d'amis âgés comme nous, pouvant entraîner la mort ou la dégradation de l'état de santé, en particulier sur le cerveau. Mais aussi les conditions de vie très dures pour les familles entassées dans de petits appartements, les difficultés pour la continuité de la scolarité. Et puis les conséquences économiques très graves qui vont en découler.
193;"Peur d'être malade, de ne plus pouvoir être en contact avec ma petite-fille avant un  assez long temps, inquiétude plus générale des conséquences de la pandémie sur le monde, particulièrement sur les plus
 vulnérables (pauvres), difficulté à imaginer la sortie du confinement au vu des nouvelles contradictoires qui nous sont fournies par les média."
194;Être obligée de passer par la reanimation
195;Les conséquences économiques
198;"sanitaires: respect+discipline confinement, process déconfinement, respect+discipline systématique gestes barrières. Pénurie masques + tests sérologiques.
 économiques et sociales: conditions reprise activité, chômage
 politiques: cohérence entre annonces et applications mesures sur un sujet inconnu
 medias + réseaux sociaux: monopole absolu du sujet Covid19, or il y a d'autres sujets d'information. Trop d'information tue l'information et le recul nécessaire à la liberté de chacun."
199;"Le fait que nous allons devoir continuer à être très prudents puisque ce virus va circuler encore longtemps et que nous ne pourrons être « tranquilles » que lorsque l'on aura trouvé un vaccin... 
 Et ce d'autant plus qu'il.y aura une certaine inconscience et indiscipline de la part des plus jeunes qui pensent n'avoir que de faibles symptômes étant donné leur âge..."
200;"Avenir professionnel de nos petits enfants et tristesse pour eux qui aiment les fetes et manifestations de groupes
 Aurons nous encore longtemps la crainte des rassemblements familiaux et amicaux
 Pauvreté accrue
 Crainte de mourir en ce moment ou la famille ne peut se deplacer a des enterrements reduits..."
201;La forme grave de la contamination du covid 19 entraînant l'hospitalisation voire la réanimation
203;Contracter le virus avec les risques d'hospitalisation et de réanimation
204;Devoir restée confinée trop longtemps
206;Un danger qu'on peut attraper partout (ennemi invisible)
207;le retour en force des décisions axées sur le profit au détriment des réflexions, participation et prise en compte  du peuple
208;La peur du virus et la méfiance a l'égard de l'autre, une nouvelle vague...
209;"Incertitude d exposition au virus
 Incertitude d'etre infecté  sans le savoir.
 Inquietude pour l avenir social et economique de la population jeune et active."
210;Pour moi c'est une nouvelle maladie qu'il va falloir prendre en compte dans notre vie comme nous le faisons pour les autres
211;"la distorsion des liens sociaux
 l'après confinement"
212;Le fait qu'on ne maîtrise encore rien et qu'on ne peut rien savoir de comment on pourra gérer la vie de tous dans l'avenir
213;"Tout le monde ne comprend pas l'enjeu des mesures prises. 
 Crainte surtout pour la génération de nos enfants (50 ans) la notre étant appelée à disparaître de toute façon dans un délai plus restreint."
214;L'avalanche d'informations anxiogènes et la situation des hôpitaux, ne donne pas envie d'être hospitalisée. Mais surtout la peur d'être classée non ranimable.
215;la propagation du virus, le risque de manque de soins par manque de médecins et la mise en danger de l'être humain
216;"La reprise économique.
 L'évolution de la maladie dans les mois qui viennent."
218;il y encore trop de personne se déplaçant sans masque
219;Que ma famille soit touchée, j'ai une fille infirmière qui est en 1ère ligne.
220;"Je respecte à la lettre les consignes de sécurité, dans un lieu de confinement privilégié. Mais des facteurs de risque élevés en cas de contamination :
  -mon âge  (78ans) 
  -fragilité cardiaque"
222;Pour mon entourage . Pour le confinement et le devenir des relations humaines
223;Après six semaines, nous sommes indemnes, parents et enfants confinés. Quid du déconfinement, avec les deux enfants qui vont revenir de 'l'extérieur' tous les soirs...?
224;"Le relâchement après le confinement  : 
 oublier les  gestes protecteurs
 Sortir sans masque 
 Réemployer les transports en commun aux heures de pointe"
225;"1°) Que le confinement ne soit pas respecté et entraîne une'deuxième vague'.
 2°) Que le déconfinement se fasse dans une grande improvisation 'à la française'.
 3°)  Que les pouvoirs publics ne tirent aucune leçon de la pandémie sur le plan économique, social, en matière hospitalière et dans tous les domaines où une réflexion semble nécessaire sur les directions que doit prendre notre société"
226;elle n'est pas réellement pour moi mais pour les autres, ceux qui travaillent dans les hôpitaux, ceux qui sont confinés dans de très mauvaises conditions et avec les mauvaises personnes et ceux qui vont perdre leurs emplois.
227;"- confinement qui dure plus longtemps qu'annoncé
 - beaucoup de gens au chômage
 - la population défavorisée le sera encore davantage"
228;Devant les reportages anxiogènes de la télévision, j'ai pas envie d'être hospitalisée et d'être déclarée non 'réanimable'. Le nombre de mort dans le pays et dans le monde est aussi inquiétant. Je ne suis pas très rassurée par la gestion de la crise.
229;"Peur de ne pas revoir mes proches
 Peur de mourir seule"
230;Les contacts entre personnes même proches, le moindre signe tel que toux, nez bouché  ou fatigue.
231;Le risque d'une surinfection en cas de déconfinement trop brutal
233;Aucune, car je respecte les règles de confinement
236;"En ce qui concerne la maladie, essayons d'être tous prudents en respectant les règles de confinement 
 
 Mon inquiétude va vers les personnes agées seules, les femmes et enfants maltraités et bien sûr les migrants et sans-abris."
237;Multiples dans divers domaines : l'éducation, la vie économique, les rapports sociaux, des troubles dus à des difficultés de tous genres (famille, travail...)
238;De voir subir le confinement qui me priverait de mes sorties en solitaire dans les montagnes
239;Il n'est pas compliqué pour moi de respecter le confinement à la maison. Je suis inquiète pour ceux qui vivent en appartement et qui peuvent se sentir prisonniers dans peu d'espace. Les inquiétudes vont également en direction des soignants, hôpitaux, ehpad, infirmiers à domicile, aides à la personne qui sont en première ligne et doivent prendre toutes les précautions pour eux et pour ceux qu'ils approchent. Nous pouvons craindre que tous les Français n'aient pas saisi la nécessité de la distanciation nécessaire, le port généralisé du masque ne pouvant encore pas être imposé.
241;". Propagations du virus chez les personnes fragiles (jeunes et âgées) 
 . Problèmes de cohabitation prolongée
 . Difficultés économiques"
242;Inquiétude : du même niveau que si je pouvais attraper une grippe
243;Comment lutter vraiment contre cet ennemi invisible
245;"Jusqu'à la découverte d'un traitement et d'un vaccin, augmentation de la pandemie, des malades et des morts .
 Très gros problèmes économiques 
 Augmentation de la précarité en France et des famines dans le monde"
246;PEUR SECONDE VAGUE....
247;PEUR SECONDE VAGUE...PEUR DE VIVRE AVEC CETTE MENACE LONGTEMPS....PEUR DE NE  PAS PROFITER DE MA FAMILLE  AVANT DE PARTIR....
249;Conséquences d'une contamination
250;Transmettre le virus à mon conjoint qui souffre de pathologies graves
251;aucune
252;Inquiétude surtout pour l'avenir de nos enfants et petits enfants. Aussi bien sanitaire qu'économique.
253;La main-mise des laboratoires
254;La solitude,l'isolement le risque de décrocher la catastrophe sociale et financière
255;le manque de contacts réels avec les gens .
256;Compte tenu de mon Age et de mes pathologies  je suis en plus grand risque
259;Une éventuelle hospitalisation  et l'avenir des relations sociales
260;Inquiétudes évidentes
263;Informations changeantes
264;Tomber malade
269;tomber malade ou que nos proches tombent malade
270;Conséquences économiques et sociales probablement catastrophiques
272;"Inquietude face à  la maladie
 inquietude pour l avenir absence de perspective"
273;Être obligé de rester confiné
275;Inquiétudes pour nos descendants, nos enfants sans revenus, nos petits enfants sans école, tous leurs projets  professionnels ou autres stoppés. Inquiétude pour les pauvres de toute la planète (y compris en france) menacés par la faim. Inquiétude pour la planète et le retour du jetable et de l'usage unique ( hygiène oblige). Inquiétude pour la capacité et la volonté deréussir la transition écologique. Inquiétude pour la dette que nous allons laisser à nos jeunes. Inquiétude enfin pour la réussite du déconfinement nécessaire mais si délicat à organiser.
277;Contagion, confinement, crise économique
278;Mes inquiétudes sont de plusieurs sortes..ma descendance, la peur de l'accroissement de la pauvreté en France, l'avenir pour mon mari et moi..l'arrêt brutal d'une vie active etc..
279;La peur de l'avenir pour les générations de mes enfants, petits enfants etc..
280;On ne sait pas quand l'épidémie va s'arrêter
281;Mon inquiétude c'est de contracter le virus et d'aller à l'hôpital
282;J'ai déjà été infecté. Actuellement, il n'est pas possible de savoir si on est immunisé ou non, et si oui pendant combien de temps.
283;agacement d'un enfermement basé sur des instigations de première évidence dans toutes familles éduquées à l'hygiène corporelle !
285;"Qu'il y ai davantage de morts.
 La souffrance  des malades et celle des familles endeuillées.
 Les conséquences néfastes du confinement dans la vie des plus pauvres."
286;je redoute une nouvelle vague de contaminations, encore plus grave, d'autant que le corps medical est exténué....
288;le fait qu'il n'y ait d'autre combat que la parade
289;la contamination
290;Désobéissance d'une minorité avec prolongement du confinement et contamination à nouveau
291;Que les promesses de changer de monde radicalement après soient aussitôt oubliées
292;Au-delà de la dimension sanitaire et sociale du moment, cette brutale inclusion va  déséquilibrer durablement toutes les économies de tous les pays dans une dynamique négative qui ne fait que commencer. Lecapitalisme qui a régné en maître  absolu de ra réinventer de nouveaux ressort.
293;Confinement pendant une très longue période
294;Au delà de la résolution sanitaire, la capacité en bon ordre de retrouver une vie 'normale' et de façon solidaire.
295;"Etre contaminée et risquer de contaminer les autres, particulièrement mon mari qui a plusieurs facteurs de risques (comme moi).
 Perte de liberté très importante pour tous, et particulièrement pour les vieux à cause des mesures de sécurité.
 Peur des conséquences possiblement négatives de cette crise pour tous, (physiques, psychologiques, morales, intellectuelles, économiques...) et particulièrement pour mes enfants et petits enfants. Parfois peur de ne plus les revoir..."
296;Population déjà déshéritée qui est le plus férocement impactée, nationalement et plus encore dans les pays pauvres et autoritaires.
297;Ne plus pouvoir rencontrer ma famille, mes amis, ne plus voyager pendant plusieurs mois
298;Pas tellement inquiète ,j ai compris qu il me reste 20 ans à vivre dans le meilleur des cas.
300;LA SORTIE DU DECONFINEMENT
301;L'incertitude sur la fin de l'épidémie
302;#NOM?
303;"1)de prendre des risques pour mon conjoint 
 2) qué mes enfants soignants tiennent le coup
 3) ne pas pouvoir voir, toucher, vivre avec enfants et petits enfants"
305;"pas de traitement identifié
 
 perspective sur le moyen terme
 
 non maîtrise de part des milieux scientifiques et politiques"
306;"- contamination virale et mort par étouffement
 
 - perte d'etres proches - ou moins proches - mais qui font partie de mon environnement,de mon jardin intérieur.  
 -isolement affectif ( &ldquo, loin des yeux, loin du c&oelig,ur &ldquo, )"
307;peu
308;Etre obligé de se faire hospitaliser
309;Le besoin d'aller à l'hôpital
310;"la contamination possible
 les conséquences économiques
 l'incertitude de l'avenir proche, (qd pourrons nous serrer nos enfants et petits enfants dans nos bras par exemple?, qd pourrons nous retrouver une véritable liberté de circuler?)"
311;elles sont pour les autres: ceux qui n'ont plus de revenus ou qui risquent de ne plus en avoir, ceux qui sont dans des espaces très réduits, ceux qui ont à souffrir de la violence d'un conjoint  ou de leurs parents, ceux qui sont dans un pays en guerre comme la Syrie, les migrants et les SDF...
312;"-peur de la contamination 
 - peur de perdre des proches -ou moins proches ,qui font partie de mon environnement social .
 - peur de l'isolement affectif"
313;Être touché par le virus
314;soucieux pour nos enfants de 40/50 ans et les petits enfants de 20 ans
315;"Les politiques économiques, environnementales, de santé... gouvernementales.
 Je doute fort que l'équipe actuelle tire les (bonnes) leçons de la crise que nous traversons."
316;Zutt  zutt  zutttt
317;Rester prudents pour profiter des enfants petits enfants, les amis, la nature
318;Que le confinement perdure
319;La perspective d'un confinement très long pour 'protéger 'les séniors
320;L'avenir des personnes en difficulté financière,  dans les quartiers 'difficiles', ayant de nombreux enfants dans peu d'espace, les personnes très seules (famille, amis, éloignement etc), les personnes ayant été malades, les femmes battues et plus généralement les couples proches d'une rupture
321;La perspective d'un confinement prolongé pour les séniors
322;Elles portent plus sur la situation des autres que nous mêmes retraités : notre retraite sera versée à la fin du mois, les âgés isolés sont plus ou moins pris en charge selon les communes, des personnes en EHPAD et leurs proches ont été maltraités, défaut de précautions et d'informations...
323;"handicap possible
 conditions de vie financieres physiques"
324;Beaucoup oins pour moi que de l'état (économique, social, psychologique)de la France après un tel arrêt de tout!!!
325;Je crains que cette pandémie dure très longtemps.
326;que cela dure beaucoup plus longtemps à cause d'une 2ème vague
327;Pas inquiète pour moi mais pour la société.
328;Ne plus pouvoir tenir mon rôle de grand-mère , que ma maison ne soit plus le lieu de rencontre familial
330;Pour mes proches plus âgés
331;Rester confinés
332;Le prolongement du confinement et le manque de masques en tissus que les pharmacies devraient délivrer en priorité aux plus de 70 ans et aux autres personnes fragiles. Pour l'instant c'est le flou et l'Association OLD'UP devrait tout faire pour 'exiger' que ce soit le cas !
333;La maladie de proches, l'impossibilité de retrouver des relations sociales, familiales, affectives simples et incarnées.
334;Je suis une personne à risque et je pense que si je tombais malade ça se passerait très mal.
335;"Inquiétude lors du déconfinement à cause du risque de non respect des mesures de distentiation sociale :  port correct du masque, proximité dans les transports, dans certains magasins. . L'interdiction de se déplacer en dehors de sa région et de ne pas voir sa famille qui n'est pas dans notre région. Ne plus pouvoir avant longtemps de se réunir en grand nombre etc ...
 Inquiétude quant à la durée de ces mesures dans le temps qui sont quand même une atteinte à la liberté mêmesi je reconnais leur utilité sur le plan santé."
337;Isolement familial et social
338;Je dois rester en forme pour mon mari qui a la maladie d'Alzheimer
339;aller en réanimation pour cause de Covid. ne pas pouvoir rejoindre ma résidence secondaire après le 11 mai
340;mourir dignement avec un de mes enfants qui pose sa main sur la mienne
342;Durée de l'épidémie
343;Nous vivons ce confinement dans de bonnes conditions de confort , que nous réserve la période de déconfinement à l'ordre du jour maintenant ?
344;Inquiétude de base : que la logique 'croissance' l'emporte sur la logique impérieuse  d'inverser le sens de cette croissance
345;Mortalités très importantes et dégradations des niveaux de vie. Déficits publics monumentaux. Méfiance incommensurable de l'opinion publique vis à vis de ses dirigeants. Impossibilité pendant un long moment de réaliser en France une union nationale et de se rallier à une politique européenne pourtant plus que jamais indispensable. Absence de dirigeants capables d'obtenir la confiance du plus grand nombre de Français.
346;j'ai besoin urgent de me faire opéré d'un genou qui me fait beaucoup souffrir, Quand ce  sera t il possible, quand mon petit fils pourra passer ses concours et mon fils reprendre son travail,  va t on  pouvoir changer le monde économique désastreux,
347;pas pour moi perso, puisque confinée, mais pour mes enfants qui peuvent prendre qq risques en se 'déconfinant' pour faire des courses pour eux et pour nous. Grande inquiétude pour une de mes filles médecin ds un EPADH et son mari gastro-oncologue.
348;Inquiétudes sur les conséquences de la crise sur les jeunes générations ( chômage- précarité- interruption des études et des projets- héritage d'une dette colossale pour les années à venir-impact écologique de l'abondance des déchets jetables- impact de la distanciation sociale- augmentation de l'individualisme etc......)
350;peur de tomber malade et de ne pas être prise en charge en raison de mon âge dans les services de réanimation. de plus l'intubation semble très douloureuses
351;Etre contaminés avec un risque létal surtout pour mon mari qui a un problème cardiaque et est en mauvais état de santé.  Ceci étant à 80ans et + n'est ce pas dans l'ordre des choses quand on a derrière soi une belle et longue vie?  Est-il raisonnable de  sacrifier l'avenir politique économique et social du pays en le confinant longuement et étroitement pour que des personnes âgées souvent handicapées vivent quelques années  de plus?
352;DE LE CONTRACTER
353;"Mourir dans la solitude de l'hôpital, hors la présence d'un proche, conjoint ou enfant.  
 Ne pas revoir mes enfants et petits enfants.
 Laisser mon conjoint tout seul.
 Ne plus respirer les odeurs de la nature.
 Ne plus revoir l'Aubrac.
 Voir mes enfants perdre leurs boulots et leurs enfants ne pas en trouver
 Assister à un retour politico-economique d'extrême droite. ETC..."
354;Etre contaminé avec un risque létal surtout pour mon mari qui a un problème cardiaque et n'est pas en forme.  Ceci étant est-il raisonnable de confiner longuement et étroitement un pays pour maintenir en vie pour quelques années des personnes âgées qui ont une belle et longue vie?  Au détriment de l'avenir de l'avenir politique, économique et social de la France...
355;La sortie du confinement
356;contamination des proches, grosse crise économique
357;- que le manque de masques et de précautions de certains  ne perpétuent dans le temps les risques de contaminations à toutes les tranches d'âge.
358;"Large contamination qui touche famille et amis
 longue période d'absence de rencontres réelles de la famille et des amis
 Conséquences sociales
 Conséquences économiques Conséquences économiques"
359;"Ce coronavirus est mois mortifère que la pollution, le tabac, la faim, la violence...et que l'age, vieillir tue. 
 Non le vrai risque est une crise mondiale qui aggrave famine, chômage, pauvreté des plus pauvres, montée de la violence et des extrêmes,effondrement des organismes de solidarité mondiale ou locale (ONU, OMS, FAO, UE...)...
 Mais peut être que cette crise nous permettra de prendre conscience que les soignants sont plus importants que les banquiers, les prof plus importants que le télé et ses présentateurs, publicistes et footballeurs, les producteurs de nourriture plus importants que les fabricants de voitures, l'air pur plus important que le pétrole... Donc il faut mieux payer les premiers au détriment des seconds."
361;sur l'état et l'avenir de notre société
362;D'avoir trop attendu avant d'agir et l'imprévoyance délibérée de nos dirigeants et les masques c'est pour quand ???
363;Mes inquiétudes concerne surtout  mes enfants et petits-enfants qui peuvent s'exposer.
364;"transmettre la maladie à mes proches
 être malade moi-même"
365;ne pas savoir si l'on porte le virus ou non
366;"Le fonctionnement de la société apres l'épidémie.
 La maladie si elle venait à nous frapper dans ses formes graves"
367;contamination , dépression , sentiment profond de mon inutilité sociale
368;inquietudes pour enfants et petits enfants. Aucune pour moi.
369;"Contracter la maladie
 Si je l'ai, la transmettre à mes proches et à ceux que je rencontre
 Ne pas savoir quand et comment on en sortira
 Tenir le coup dans le confinement
 Ne pas pouvoir partir cet été à la campagne et réaliser les projets que nous avions"
370;situation économique et environnementale
371;"que le déconfinement augmente la diffusion du virus et qu'on retombe après un mois dans la même situation que début mars ... et que il y ait obligation de nous traiter moins bien que les plus jeunes
 que les gestes barrières ne soient pas respectés
 que les masques ne soient pas disponibles ou soient inopérants 
 que les tests ne soient pas en nombre suffisant
 que notre peur du flicage interdise la diffusion d'une application de repérage"
372;Plus pour nos enfants et petits enfants que pour nous, pour nos enfants
374;Ne pas savoir comment et combrien de temps etre immunisé
375;De tomber malade d'autre chose et ne pas pouvoir me faire soigner correctement
377;"1 Quand cessera cette pénurie pour les hôpitaux (matériel, vêtements et MEDICAMENTS
 2 Quand pourrai-je revoir mes enfants et petits enfants et mes amies
 Quand aurons-nous des masques efficaces ? Pour les plus à risque comme moi, quand et comment aurons nous ces masques ?
 Je suis à risque quand nous testerons-nous pour savoir si nous l'avons eu sous une forme bénigne. Cela me permettrait de reprendre des activités pour moi et pour aider les autres.
 3 Quand aurons-nous les médicaments adéquats pour lutter contre ce Covid-19 en attendant le vaccin"
378;le chômage, le réveil des personnes en grande précarité et des jeunes des banlieues.
379;JE CRAINS POUR LA SANTE DE MES ENFANTS ET PETITS-ENFANTS, ET POUR LES AMIS QUI ME SONT CHERS, ET QUI SONT ÂGES
381;la contagion bien sûr, l'isolement, la fin du confinement avec tous les PB (études, vacances, travail, difficultés financières
382;l indiscipline classique des Français face à 1 certain nombre de précautions élémentaires à prendre
383;"L'incertitude sur la façon dont on s'en remet quand on guéri. 
 Est-ce que ça nous change pour toujours dans nos forces et notre énergie."
384;Information très mal faite,angoissant la population au lieu de lui donner des clés pour maitriser la situation
385;le retablissement économique
386;"Pour notre famille,enfants et surtout petits enfants
 Pour nous:Une  maladie un peu longue permet de se préparer à l'issue. Le Covid 19,si on en est frappé gravement,semble avoir des effets trop rapides pour ce faire"
387;Je ne sors pas donc pour le moment pas d'inquiétude majeure
388;"Gestion de la fin du confinement .
 Existance d un traitement.
 Une information sérieuse."
390;"l'absence actuelle de traitement
 la difficulté à se procurer des masques et des moyens de protection
 l'échéance lointaine de la diffusion d'un vaccin
 la durée indéterminée du confinement"
391;Atteinte de mes proches  ainsi que de moi même et l'immense crise sociale et financière à venir.
392;Hospitalisation en rea
394;Mourir
395;Perte de libertés de contacts d échanges .peur d être malade comme j entends certaines personnes rescapées mais qui ont ete tres mal longtemps
397;"Crainte d'être contaminée et de contaminer les autres, tout particulièrement mon mari 'à risque' comme moi. Peur de cette maladie pour mes enfants et petits enfants. Peur de ne plus les revoir.
 Inquiétudes pour leur avenir autant pour leur santé physique et psychique (conséquences du confinement) que pour les conséquences professionnelles et sur les études.
 Crainte  d'une crise sociétale et mondiale risquant d'aggraver encore les inégalités et les risques de guerre, crainte du triomphe de l'égoïsme et du profit sur la solidarité, au prétexte de l'urgence de faire repartir l'économie."
398;le deconfinement  , les transports en commun  , la non generalisations des tests,
399;que des gens proches ou pas souffrent et meurent
400;Ce n'est pas tant le corona que ce qu'il déclenche
401;"la contagion
 fils handicapé.....donc les conséquences pour lui et moi!!!"
402;"Beaucoup plus que le virus lui-même, je suis inquiet pour l'impact économique qu'entraîne la protection contre ce virus tueur. Comme toujours, les conséquences économiques touchent D'ABORD les plus pauvres et les plus fragiles.
 Je suis inquiet aussi pour l'état désastreux de notre monde que nous allons laisser aux générations suivantes : inégalités profondes non résolues, dettes abyssales, planète et nature martyrisées, individualisme forcéné, guerres d'egos et ambitions effrenées, etc.
 Et ce sont nos enfants et petits-enfants qui vont payer pour nos égoïsmes multiples."
403;"1. Que nos jeunes soient touchés gravement par le virus.
 2. Qu'ils n'aient plus de travail.
 3. Que ma famille et mes amis disparaissent."
404;"le risque de mort pour ma fratrie, mes amis, tous mes proches
 Et le risque pour moi aussi
 Et la crise économique qui suit, et le chômage qui va augmenté dans des proportions incalculables.
 Et le risque politique qui suit: la monté du populisme même en Europe"
405;"d'une part J'ai remarqué que les personnes âgées dans ma région ,se font plus interpelées par la police  que les autres personnes et pas toujours sur un ton agréable....
 j'ai 74 ans je me sens en forme et dans les période de sorties prévus dans le confinement , je trouve que la mobilisation est très restrictive .
 J'ai un peu peur que toute les personnes âgées soient mises au même régime sans tenir compte 
 de leurs possibilités."
406;ne plus voir mes petits enfants
407;#NOM?
409;"Santé pour tous
 Crise économique 
 Chômage"
410;que les services de santé soient débordés et ne puissent absorber l'afflux de nouveaux malades en cas de recrudescence de l'épidémie tant qu'il n'y aura ni traitement efficace ni vaccin
411;Les perspectives à  venir et ses répercutions, économiques, sociales, mentales et émotionnelles.
412;L'avenir de mes enfants à cause de la crise économique a venir
414;"les difficultés des relations sociales en raison du confinement.
 Heureusement il y a les réseaux sociaux qui atténuent cette difficulté."
415;Mon inquiétude est celle de tout le monde : attraper le virus par un tiers
416;les complications pour moi et pour mon conjoint
418;Surtout des inquiétudes sur le devenir de notre société. Ce virus met en exergue, encore plus qu'avant, les inégalités. Il risque d'y avoir des révoltes, un délitement de ce qui fait encore société....
419;De ne pas être assez vigilante avec les mesures barriéres
420;aucune
421;"Pour moi aujourd'hui je n'en ai pas beaucoup, mais ça peut changer dans les temps à venir.
 Il n'y a pas beaucoup de malades là où je vis, et si je suis attentive ça devrait aller...Mais pour mes proches, mes amis, pour le monde d'après..."
422;"risque de s'infecter avec des conséquences très graves pour la santé
 risque à long terme de voir son pouvoir d'achat décliner
 crainte de perdre des êtres chers
 crainte d'une perturbation politique locale et globale"
423;Virus pouvant être mortel
424;Ne plus pouvoir circuler comme avant
427;Sanitaires
428;"ne pas pouvoir approcher mes proches avant longtemps(famille à l'étranger)
 ne pas faire de projets
 aurons nous encore du bon devant nous"
429;A titre universel,je redoute les conséquences pour l'économie,je crains également une dégradation des soins à venir,le personnel de santé pour remarquable qu'il soit, a grand besoin de se reposer.A titre personnel,c'est la perspective de contracter ce virus qui me fait peur.Je n'oublie pas de penser aux déshérités qui vont ressentir durement cette catastrophe.
430;Propagation de l'épidémie lors du déconfinement
431;Conséquences catastrophiques de l'arrêt De l'économie Pour les 10 années à venir
432;De contaminer mon mari de santé fragile si j'attrape ce virus
433;"Peur qu'on ne trouve pas de vaccin pour s'en protéger
 Des difficultés économiques que vont rencontrer les petites entreprises
 Crainte que sur le plan écologie on fasse marche arrière"
434;Inquiétude quant à la persistance du danger au fil du temps
435;Inquiétude  surtout  pour l avenir de notre société, : chômage, pauvreté, accroissement  des inégalités, abandon des préoccupations écologiques
436;l'avenir de nos enfants et petits enfants dans un monde qui aura beacoup de difficultés à retrouver l'équilibre
437;"j'avoue ne pas me sentir concernéepas  non plus pour que ma famille les amis ou les connaissances....
 Mais je pense avec une énorme peine à ceux qui sont confines nombreux,avec des enfants, sans moyens numériquespour  les faire travailler,avec  d'enormes problemes  financiers et d'avenir...
 je me demande aussi quelles seront les réactions sociales et politiques  des uns et des autres..après....
 et quelle attitude juste avoir à ce moment là..."
438;La difficulté de gérer les déclarations nombreuses et contradictoires diffusées de toutes part. Impossible de se faire une idée fiable de la situation surtout si l'on a des impératifs : par exemple un déménagement qui ne pourra être différé trop longtemps . Comment opérer dans ce cas précis, qui est le mien....
439;"1-Je ne voudrais pas être contaminée, surtout pour ne pas embêter mes proches et monopoliser un lit d'hôpital, plus utile aux plus jeunes.
 2-Je pense que les jeunes vont être, beaucoup plus que les pers. âgées, touchés par ce virus , problèmes de scolarité, d'examens, d'orientation, de recherche d'emploi, de chômage...
 3-Sur le plan mondial, je redoute des catastrophes humanitaires.
 4-Et je redoute aussi des révoltes, des soulèvements..."
440;83 ans,en forme olympique, grand randonneur et coureur( le soir ,actuellement,pour éviter de rencontrer des personnes) je suis veuf et donc seul au centre de Paris. Et je ne veux que ma fille, mariée, 2enfants prennent des risques en venant me voir de Saint Maur ,même si elle me l'a proposé. Donc si je suis contaminé,je serai SEUL.
441;D'être contaminée moi-même et de tomber gravement malade, ou d'être contaminée sans le savoir et de transmettre le virus à d'autres
443;Mon interrogation concerne les conséquences de ce corona: saurons nous tirer les leçons qui permettront à nos enfants et petits enfants de vivre dans un environnement serein et porteur: un climat apaisé une économie solidaire une convivialité heureuse..
444;Notre fragilité,  vulnérabilité surtout à cause de maladies existantes
445;Contraction de la maladie , économie en recul sévère
446;Que mon épouse et (ou) moi-même en soyons victimes.
447;"Peut d'abandonner trop tôt mon fils unique célibataire donc seul confiné dans son appart a Sevres
 Peut de me retrouver seule si mon mari prend la maladie, cela peut aussi arriver autrement mais avec cette maladie nous avons l'impression que c'est prématuré"
448;Davantage que l'inquiétude proprement sanitaire, mes inquiétudes sont sociales : la 'crise' a révélé classiquement de beaux comportements de sociabilité, mais aussi d'ignobles comportements de type 'collabos'. Par ailleurs, la question économique est essentielle, et le discours qui tend à prévaloir (notamment ceux du patronat) à savoir, vite vite, on reprend de la croissance, n'importe comment,  aboutira à une situation pire que celle d'avant.
449;Peur de la maladie pour mes enfants  peur de l'après pour les familles en difficulté avant ,pour tous ceux qui verront leurs revenus diminués,pour les difficultés de la vie quotidienne
451;"- combien de temps avant le déconfinement ?
 - quand et comment se faire tester ?"
452;Maladie et recul économique sévère
453;On ne maîtrise rien du tout, ça frappe quasiment au hasard.
454;Incertitude prolongée, chômage, conflits géopolitiques, privation de libertés, repli national, décontraction de l'Europe
456;désordre économique
457;83, en forme olympique,grand randonneur et coureur,je suis veuf et donc seul et ne veut pas peser sur mes proches. Donc je fais les courses ,vais à la pharmacie et prépare mes repas
458;Manque de liberté
459;Comment se protéger, masqués pour tout le monde ? Tester tout le monde ?Comment & ou trouver suffisamment de matériel ( masques, blouses etc.) pour le personnel hospitalier, Comment allons-nous vivre par la suite?
461;inquiétude socio economique pour mes enfants et petits-enfants et pour la société
463;Ne pas pouvoir aller en vacances avec mes petits enfants pour qui j'ai loué une maison
464;"pour l'avenir de mes enfants et petits enfants : la crise planetaire économique, politique,  et sociale majeure qui va advenir 
 je me rassure en pensant qu'il y aura un vaccin et/ou des traitements efficaces...."
465;Pas de remèdes à l' horizon. Très grave crise sociale partout dans le monde et altération profonde de nos relations inter humaines. Disparition de la préoccupation majeure climatique.
466;La peur d'être contaminé et de contaminer les  autres mes petits enfants
467;Aucune si je prends les précautions
468;"équilibre des couples
 solitude des personnes seules
 perte de travail"
469;Pas trop..
472;Être gravement malade car je suis à ris
473;la catastrophe économique que cela va générer, les faillites, le chômage
474;Perdre ceux que j'aime
475;Risque fort de reprise de la pandémie après le déconfinement et augmentation du risque de contagion pour les personnes âgées
476;qu'un traitement ne soit pas trouvé afin de permettre à tous les citoyens de travailler normalement.
477;"la maladie pour moi pour mes proches
 la mort  a l'hôpital seule ..
 
 le chomage pour ma fille pour mes proches"
478;"La dangerosité de ce virus.
 Les difficultés pour fabriquer des tests fiables et un vaccin .
 Pas de traitement efficace.
 Les conséquences économiques majeures."
479;Ce qu on commence à appeler le syndrome de glissement.....
480;"Le fait que ce virus soit inconnu jusqu'à présent,qu'il semble muter.
 Très grande difficulté de trouver un vaccin
 Persistance de cas dans tous les pays.
 Risque d'un déploiement persistant dans le monde entier."
481;Hospitalisation, réanimation........ Décès
482;"Un fort bouleversement économique et social
 Un événement historique dont on ne peut guère encore estimer les effets dans l'avenir"
486;Principalement la lenteur de la reprise économique
487;"Une mort particulièrement difficile.
 
 Aggravation de la pauvreté  . 
 Un climat social délétère , la crise économique  exacerbant les conséquences de politiques inégalitaires."
488;je n'ai que des inquiétudes modérées,compte tenu du fait que les cas graves sont en minorité
491;"De voir des proches infectés 
 Ou de mourir sans voir ma famille"
492;"Au plan personnel : être contaminée et contaminer mon mari 'à risques', comme moi. Risquer de mourir sans avoir revu mes enfants. Devoir vivre pendant un temps indéterminé à distance physique des autres -et particulièrement ma famille- avec des mesures barrières et d'hygiène très contraignantes et perturbantes (tocs chez mon mari). A la longue, perdre progressivement le lien social, malgré les possibilités offertes par la technologie et perdre le gout de vivre. Dégradation physique et psychique entraînée par le confinement, le manque d'air et d'exercice.
 Plus largement et plus important : beaucoup d'inquiétude pour mes enfants et petits enfants, pour leur santé physique et psychique, pour leur éducation et pour leur avenir professionnel.
 Inquiétude pour l'avenir de notre vie sur terre, en France et dans le monde. Sentiment que nous vivons une période de choix cruciaux, qui apporte beaucoup de souffrances pour beaucoup de gens. Risques de violences, de guerres, de famines en plus de la pandémie. Entre le meilleur encore possible (?) et le pire probable si nous continuons 'comme avant'."
494;"Mes inquiétudes ne sont pas personnelles...car je suis dans un environnement social amical et géographique très privilégié
 Par contre je suis terriblement choquée de voir
 Les difficultés rencontrées par de nombreux habitants de mon pays 
 avoir faim me semblait d'une autre époque
 Injustice dans l'habitat l'accès  au moyen de communication à l'enseignement pour les enfants....aux soins
 L'état catastrophique des Epad malgré le dévouement des soignants et les montants élevés des frais pour les personnes accueillies
 Tout cela nous renvoie une image douloureuse de notre société et dont nous sommes plus ou moins directement complices!!!"
495;"Ne pas faire face dans les EPHAD aux soins nécessaires pour les personnes atteintes du corona
 Une explosion des licenciements dans les entreprises et la faillite d'artisans et de commerçants
 l'accroissement des inégalités
 le retour aux vieilles habitudes"
496;"Maladie des proches, et de tous
 Temps nécessaire pour atteindre une immunité
 Conséquences socio économiques
 Ma propre mort"
497;"La solitude imposée au conjoint en cas d'hospitalisation.
 La nature des soins hospitaliers"
499;l'atteinte de mes proches, les conséquences économiques et sociétales de la pandémie
500;Que le vaccin soit obligatoire ! Je veux rester libre de choisir
501;L'attrapper.
502;aucune
503;à 88 ANS en bonne santé serait désolé de partir !!
505;"un manque criant ds les établissements pour personnes âgées d'un poste de personnes pour venir conseiller, échanger, aider :
 chercher une chaîne de TV et l'installer,
 Installer le wifi ds les chambres pour l'ordinateur personnel,
 faire des petites courses,
 bavarder,
 expliquer les info ou une émission mal entendues,
 aider à téléphoner aux proches ou établir la connexion internet.
 etc. 
 Chambre plus grande avec obligatoirement un petit balcon."
507;la bêtise et l'inconscience d'autres personnes, la violence, bref, le changement possible de la société, la famine dans le monde, la reprise du 'comme avant', le réchauffement climatique au second plan, le chômage...
508;"Pas pour moi, mais pour les enfants : retour au travail, transports... et pour les petits enfants : retour à l'école,  choix des écoles pour les plus grands, vacances...
 Pour la vie en société : revoies amis, reprendre les cours..."
509;"Manque de connaissance sur cette épidémie
 Absence de traitement et de vaccins
 Déni de réalités chez beaucoup sur le facteur de risque que représente l'âge, même en bonne santé.
 Relâchement des comportements de prévention (gestes 'barrière', confinement) et donc risque d'un rebond."
510;contact avec autrui
511;Peur d'être retrouvée morte chez moi
513;Être contaminée par des insouciants et inconscients
514;Inquiétudes sur le plan économique et social en France et dans le monde
515;les mesures appropriées pour lutter contre cette pandémie sont assurées par l'ensemble de la population, qui obéit aux consignes de protection de chacun ( distanciation, masques, lavage des mains, sorties limitées etc.) mais il reste la part de l'état: tests, matériel, distribution de masques . Nous attendons depuis de longues semaines et ne voyons rien venir. C'est inquiétant
516;Ne pas pouvoir voyager, s'évader. Devenir idiote. Manquer de choix, de livres, d'action. Se laisser aller, grossir, devenir impotente.
517;Attraper ce virus par surprise
518;Le covid n'épargne pas les jeunes
519;Lá faible proportion de personnes immunisées
520;nouveau virus peu connu et virulent
521;Etre en dehors de la vie. Ne pas pouvoir faire les activités que nous avons choisies. Le manque absolu de liberté. La liberté même de respirer, de voir les gens qu'on aime. J'ai l'impression de ne plus être en démocratie. Au lieu d'être unis, les gens viennent dire tout et son contraire, critiquer les autres. Chaque jour, le moral baisse...
522;Bouleversement de notre existence
523;virus inconnu et très dangereux, virulent, non maîtrise
524;"Les conséquences économiques.
 
 Les conséquences économiques.
 Les morts économiques."
525;Devoir être hospitalisé
526;virus nouveau, peu maitrisable
527;l'après corona , quels réels changements de vie, d'objectifs , la  finance et l'économie, ou l'hum ain ?
528;Contacter le virus ET devoir être hospitalisé en réanimation
529;"Soudainement, brusque rupture universelle et personnelle pour chacun. Comme à des enfants, injonction soudaine de rester chez soi pour un temps indéterminé. Brutale accroc à la liberté individuelle. 
 Quand et comment imaginer la fin du confinement (quel mot barbare) ? 
 Est-ce qu'au moins cela aura servi à enfin comprendre l'importance climatique et écologique de toute politique ? A ne pas se régler sur l'économique avant les droits humains ? Espérons..."
530;que chacun ne se sente pas responsable
531;Rebond après le déconfinement.
532;Rebond au déconfinement
533;etant agée de 72 ans  et sous chimiothérapie: je prends le minimum de risque et ne sort que trés peu. Mes inquiétudes vont plutôt vers le futur: déconfination et difficutées sociales pour ceux qui vont se trouver démunis.
534;Santé pour amis âgés , famille(personnes fragiles,)moi-même.Hausse certainement importante des prix dans la vie quotidienne,je ne sais pas qd reprendra la vie sociale ,importante pour moi...on va retomber sur un été peut être caniculaire....peut être embrasement social...pourra t on tenir la route ,apres le de confinement et combien de temps encore faudra t il rester sur ses gardes?
535;Rebond au déconfinement
536;je suis greffée, donc très fragile par rapport à ce virus, c'est un grave danger au niveau respiratoire, traitement prise en charge...
537;De rester confiner encore longtemps
538;"reprise économique du monde.pour les jeunes, pour les emplois
 
 aimerait réflexions sur la façon de vivre. et des changements.
 augmentation de la pauvreté. de la société avec ses tourments"
539;"on ne sait rien sur l COVID 19
 Le confinement c'est très dur pour les familles qui ont un petit appartement avec les enfants, le télétravail
 C'est compliqué et inégal"
540;L'incertitude , pas de traitement dans un avenir proche  , rester dans l'éloignement De nos  proches pour éviter la contamination
542;"Risque d'entrainer après la distanciation physique une distanciation sociale profonde et pérenne.
 Risque pour l avenir de l Europe si elle ne profite pas de la crise pour amorcer une Europe unie et solidaire"
543;"-L'inquiétude d'être dans le groupe d'âge vulnérable. 
 - L'inquiétude de ne pas revoir nos enfants si notre santé se détériore gravement 
 - et l'inquiétude de ne pas me preparer suffisamment à souffrir et q mourir si je tombe malade.
 Je précise que je suis IDE puericultrice et cadre infirmière"
545;La santé des plus fragiles que je connais (âges, maladies ...) mais aussi les conséquences sociales et économiques ...en particulier pour les plus pauvres et les pays en difficulté ...
546;l'ignorance  avouée  des chercheurs sur le traitement à  appliquer
547;bien sûr contracter le coronavirus pour des proches et moins moi-même.
548;le retour du moyen âge
549;Mes inquiétudes ne sont pas pour moi ou ma femme car nous prenons toutes les précautions possibles mais pour l'économie nationale et la façon dont elle pourra se relever après la crise qui risque de durer encore des mois.
552;je ne me sens pas vraiment inquiète. Je suis en bonne santé et me dis que, même si j'attrapais le virus, je m'en guérirais
554;Le déconfinement
555;Inquiétudes sur l'ampleur et la durée de l'épidémie et en même temps sur ses conséquences économiques et sociales
556;croiser des personnes qui ne respectent pas les règles de précaution
557;Inquiétudes sur l'ampleur et la durée de l'épidémie ainsi que sur ses conséquences économiques et sociales
559;contagion, non respect du confinement
560;le temps nécessaire pour trouver un vaccin
564;Que cette crise soit exploitée au delà de ce qu'elle représente réellement
566;La facture....Que de mimmiards !.
568;Mon épouse et moi avons été contaminés. Pendant la période de fièvre, maux de tête, grande fatigue, perte d'odorat, nous avons été inquiets de risquer d'être hospitalisés et séparés. Heureusement cela n'a oas été le cas
569;Contamination , familiale , mon épouse est en rémission d'un cancer du sein déclaré il, y a un an
570;Inconnu l'incertitude on navigue dans le brouillard...
571;"contagion
 séparation des proches"
572;Peur de mourir seule .
574;"Sur l'avenir des jeunes
 Sur les isolements et les ruptures de liens entre les personnes et les groupes"
575;"ne pas pouvoir aller dans ma maison secondaire
 he pas rencontrer ma famille
 ne pas pouvoir aller à mes cours artistiques"
576;Outre les risques sanitaires cette crise aura des conséquences importantes aux niveaux social et économique
577;être contaminée donc contagieuse sans le savoir
578;Attraper le virus - la récession économique dans 'l'après' - la mise au rancart des questions écologiques
579;De l'attraper et puis d'être mise à côté au cause de mon âge et de mourir seule et en  souffrance.
581;Je m'inquiète surtout de l'indiscipline de certains lors du déconfinement.
582;La contamination à nos enfants et petits enfants
583;le déconfinement
584;ne pas trouver de traitement ni de vaccin, être à la merci des chinois pour masques, médicaments, manque de transparence de leur part...........
585;Les difficultés liées aux informations qui circulent et qui sont vraies ou fausses mais surtout les manquements du gouvernement liés aux masques et aux tests
586;"Suite au deconfinement, que par excès de confiance, la barrière des respects (distance, masques, lavage des mains)
 soit vite oublié."
587;La mort physique et économique de beaucoup de gens. Une vie triste  pour les adolescents
589;Des inquiétudes liées à la reprise d'une vie 'normale', pouvoir vivre des moments de convivialité sans s'inquiéter, aller au cinéma, au théâtre... retrouver une liberté d'action sans limite.
591;avoir une forme grave du civid
592;Inquiétude de ne pas retrouver une liberté d'action totale, d'être limitée dans mes contacts, mes sorties, mes déplacements.  Ne pas retrouver la convivialité d'avant.
594;"L'incertitude dans laquelle nous sommes. 
 Ne plus voir mes petits fils, jusqu'à quand ?
 Rupture du lien social, ne plus voir mes amis
 Être coupée de la culture : cinéma, théâtre, expositions, 
 Ne plus pouvoir voyager
 Ne plus aller dans l'association où je suis bénévole"
595;inquiétude normale face à une épidémie, crainte de voir les proches avoir une forme grave
596;Que les autres ne respectent pas les barrières.